[
{
  "pk": 1,
  "fields": {
    "working_days": [
      1,
      2,
      3,
      4,
      5
    ],
    "is_default": true
  },
  "model": "timetable.timetable"
},
{
  "pk": 1,
  "fields": {
    "day_of_week": 0,
    "working_hours": [
      1,
      2,
      3,
      4,
      5,
      6,
      7,
      8,
      9,
      10
    ]
  },
  "model": "timetable.workingday"
},
{
  "pk": 2,
  "fields": {
    "day_of_week": 1,
    "working_hours": [
      1,
      2,
      3,
      4,
      5,
      6,
      7,
      8,
      9,
      10
    ]
  },
  "model": "timetable.workingday"
},
{
  "pk": 3,
  "fields": {
    "day_of_week": 2,
    "working_hours": [
      1,
      2,
      3,
      4,
      5,
      6,
      7,
      8,
      9,
      10
    ]
  },
  "model": "timetable.workingday"
},
{
  "pk": 4,
  "fields": {
    "day_of_week": 3,
    "working_hours": [
      1,
      2,
      3,
      4,
      5,
      6,
      7,
      8,
      9,
      10
    ]
  },
  "model": "timetable.workingday"
},
{
  "pk": 5,
  "fields": {
    "day_of_week": 4,
    "working_hours": [
      1,
      2,
      3,
      4,
      5,
      6,
      7,
      8,
      9,
      10
    ]
  },
  "model": "timetable.workingday"
},
{
  "pk": 1,
  "fields": {
    "end": "10:00:00",
    "begin": "09:00:00"
  },
  "model": "timetable.workinghour"
},
{
  "pk": 2,
  "fields": {
    "end": "11:00:00",
    "begin": "10:00:00"
  },
  "model": "timetable.workinghour"
},
{
  "pk": 3,
  "fields": {
    "end": "12:00:00",
    "begin": "11:00:00"
  },
  "model": "timetable.workinghour"
},
{
  "pk": 4,
  "fields": {
    "end": "13:00:00",
    "begin": "12:00:00"
  },
  "model": "timetable.workinghour"
},
{
  "pk": 5,
  "fields": {
    "end": "14:00:00",
    "begin": "13:00:00"
  },
  "model": "timetable.workinghour"
},
{
  "pk": 7,
  "fields": {
    "end": "15:00:00",
    "begin": "14:00:00"
  },
  "model": "timetable.workinghour"
},
{
  "pk": 8,
  "fields": {
    "end": "16:00:00",
    "begin": "15:00:00"
  },
  "model": "timetable.workinghour"
},
{
  "pk": 9,
  "fields": {
    "end": "17:00:00",
    "begin": "16:00:00"
  },
  "model": "timetable.workinghour"
},
{
  "pk": 10,
  "fields": {
    "end": "18:00:00",
    "begin": "17:00:00"
  },
  "model": "timetable.workinghour"
}
]
