[
{
  "model": "authtoken.token",
  "fields": {
    "created": "2015-10-14T04:57:16.259Z",
    "user": 1
  },
  "pk": "16e48e957d2e0e4f15e5302a8ba00616233a79b4"
},
{
  "model": "authtoken.token",
  "fields": {
    "created": "2015-10-14T05:40:17.185Z",
    "user": 9
  },
  "pk": "439bb929b408d0c84f729a863545ac21b1605434"
},
{
  "model": "authtoken.token",
  "fields": {
    "created": "2015-10-14T05:14:46.811Z",
    "user": 5
  },
  "pk": "4c20f0bd3b29710c08afb9fe4fd624b9ddd5d43b"
},
{
  "model": "authtoken.token",
  "fields": {
    "created": "2015-10-14T05:14:46.953Z",
    "user": 6
  },
  "pk": "567cd3feac5d4159805a4b02f800c7984b2217d5"
},
{
  "model": "authtoken.token",
  "fields": {
    "created": "2015-10-14T05:40:16.480Z",
    "user": 2
  },
  "pk": "597f880258ad5ae8ff59c1c6fcc4d38f6e28849c"
},
{
  "model": "authtoken.token",
  "fields": {
    "created": "2015-10-14T05:40:16.893Z",
    "user": 7
  },
  "pk": "6206fa79da0854a62640b4ac8c9520c0b4c8ecd5"
},
{
  "model": "authtoken.token",
  "fields": {
    "created": "2015-10-14T05:40:16.738Z",
    "user": 3
  },
  "pk": "69714dd8457728bc504c0eb754e29dff6c217bce"
},
{
  "model": "authtoken.token",
  "fields": {
    "created": "2015-10-14T05:40:17.033Z",
    "user": 8
  },
  "pk": "ac7990b6a454f3c4f12d70f06885441c362118e3"
},
{
  "model": "authtoken.token",
  "fields": {
    "created": "2015-10-14T05:14:46.669Z",
    "user": 4
  },
  "pk": "ec501790a6aaf00fd8999d3d4d273706632b4198"
},
{
  "model": "authtoken.token",
  "fields": {
    "created": "2015-10-14T05:40:17.326Z",
    "user": 10
  },
  "pk": "f93407d73f4f548a3b8608ec656056886ca52b1a"
}
]
